id,partition1,partition2,partition3,name,brand,description,embedding
1,vehicle,car,luxury,audi model 1,Audi,Audi luxury vehicle model 1.,"[0.61, 0.19, 0.15, 0.65, 0.15]"
2,vehicle,car,luxury,bmw model 2,BMW,BMW luxury vehicle model 2.,"[0.23, 0.77, 0.27, 0.27, 0.19]"
3,vehicle,car,sports,lamborghini model 3,Lamborghini,Lamborghini sports vehicle model 3.,"[0.58, 0.73, 0.95, 0.51, 0.85]"
4,vehicle,car,luxury,lexus model 4,Lexus,Lexus luxury vehicle model 4.,"[0.15, 0.91, 0.84, 0.46, 0.26]"
5,vehicle,car,electric,rivian model 5,Rivian,Rivian electric vehicle model 5.,"[0.67, 0.37, 0.84, 0.37, 0.58]"
6,vehicle,car,economy,toyota model 6,Toyota,Toyota economy vehicle model 6.,"[0.18, 0.18, 0.57, 0.31, 0.14]"
7,vehicle,car,luxury,bmw model 7,BMW,BMW luxury vehicle model 7.,"[0.17, 0.59, 0.79, 0.8, 0.13]"
8,vehicle,car,luxury,mercedes model 8,Mercedes,Mercedes luxury vehicle model 8.,"[0.72, 0.2, 0.16, 0.42, 0.12]"
9,vehicle,car,electric,rivian model 9,Rivian,Rivian electric vehicle model 9.,"[0.8, 0.61, 0.6, 0.65, 0.59]"
10,vehicle,car,sports,porsche model 10,Porsche,Porsche sports vehicle model 10.,"[0.18, 0.84, 0.15, 0.62, 0.91]"
11,vehicle,car,sports,lamborghini model 11,Lamborghini,Lamborghini sports vehicle model 11.,"[0.43, 0.82, 0.71, 0.12, 0.12]"
12,vehicle,car,luxury,mercedes model 12,Mercedes,Mercedes luxury vehicle model 12.,"[0.93, 0.17, 0.51, 0.21, 0.49]"
13,vehicle,car,luxury,bmw model 13,BMW,BMW luxury vehicle model 13.,"[0.21, 0.16, 0.91, 0.69, 0.79]"
14,vehicle,car,economy,nissan model 14,Nissan,Nissan economy vehicle model 14.,"[0.55, 0.93, 0.94, 0.6, 0.22]"
15,vehicle,car,luxury,audi model 15,Audi,Audi luxury vehicle model 15.,"[0.45, 0.39, 0.28, 0.67, 0.81]"
16,vehicle,car,luxury,audi model 16,Audi,Audi luxury vehicle model 16.,"[0.39, 0.22, 0.8, 0.21, 0.79]"
17,vehicle,car,luxury,mercedes model 17,Mercedes,Mercedes luxury vehicle model 17.,"[0.79, 0.44, 0.91, 0.4, 0.54]"
18,vehicle,car,economy,nissan model 18,Nissan,Nissan economy vehicle model 18.,"[0.62, 0.53, 0.71, 0.13, 0.72]"
19,vehicle,car,luxury,audi model 19,Audi,Audi luxury vehicle model 19.,"[0.72, 0.91, 0.94, 0.19, 0.53]"
20,vehicle,car,luxury,audi model 20,Audi,Audi luxury vehicle model 20.,"[0.4, 0.67, 0.54, 0.16, 0.6]"
21,vehicle,car,electric,tesla model 21,Tesla,Tesla electric vehicle model 21.,"[0.61, 0.18, 0.51, 0.63, 0.73]"
22,vehicle,car,sports,lamborghini model 22,Lamborghini,Lamborghini sports vehicle model 22.,"[0.57, 0.46, 0.58, 0.18, 0.73]"
23,vehicle,car,luxury,mercedes model 23,Mercedes,Mercedes luxury vehicle model 23.,"[0.93, 0.31, 0.69, 0.54, 0.36]"
24,vehicle,car,electric,tesla model 24,Tesla,Tesla electric vehicle model 24.,"[0.53, 0.64, 0.94, 0.45, 0.44]"
25,vehicle,car,economy,toyota model 25,Toyota,Toyota economy vehicle model 25.,"[0.24, 0.44, 0.62, 0.2, 0.47]"
26,vehicle,car,electric,tesla model 26,Tesla,Tesla electric vehicle model 26.,"[0.16, 0.41, 0.24, 0.56, 0.95]"
27,vehicle,car,luxury,lexus model 27,Lexus,Lexus luxury vehicle model 27.,"[0.9, 0.84, 0.62, 0.57, 0.83]"
28,vehicle,car,economy,honda model 28,Honda,Honda economy vehicle model 28.,"[0.85, 0.9, 0.63, 0.1, 0.18]"
29,vehicle,car,sports,porsche model 29,Porsche,Porsche sports vehicle model 29.,"[0.75, 0.68, 0.21, 0.82, 0.21]"
30,vehicle,car,luxury,mercedes model 30,Mercedes,Mercedes luxury vehicle model 30.,"[0.21, 0.29, 0.1, 0.68, 0.95]"
31,vehicle,car,electric,tesla model 31,Tesla,Tesla electric vehicle model 31.,"[0.79, 0.23, 0.66, 0.66, 0.49]"
32,vehicle,car,electric,rivian model 32,Rivian,Rivian electric vehicle model 32.,"[0.22, 0.49, 0.1, 0.73, 0.92]"
33,vehicle,car,luxury,lexus model 33,Lexus,Lexus luxury vehicle model 33.,"[0.39, 0.38, 0.16, 0.24, 0.57]"
34,vehicle,car,sports,ferrari model 34,Ferrari,Ferrari sports vehicle model 34.,"[0.56, 0.56, 0.6, 0.22, 0.84]"
35,vehicle,car,sports,lamborghini model 35,Lamborghini,Lamborghini sports vehicle model 35.,"[0.57, 0.53, 0.23, 0.54, 0.58]"
36,vehicle,car,luxury,lexus model 36,Lexus,Lexus luxury vehicle model 36.,"[0.13, 0.78, 0.46, 0.74, 0.66]"
37,vehicle,car,sports,lamborghini model 37,Lamborghini,Lamborghini sports vehicle model 37.,"[0.58, 0.42, 0.24, 0.34, 0.36]"
38,vehicle,car,luxury,bmw model 38,BMW,BMW luxury vehicle model 38.,"[0.35, 0.39, 0.36, 0.8, 0.95]"
39,vehicle,car,luxury,audi model 39,Audi,Audi luxury vehicle model 39.,"[0.63, 0.61, 0.57, 0.56, 0.62]"
40,vehicle,car,economy,honda model 40,Honda,Honda economy vehicle model 40.,"[0.85, 0.5, 0.51, 0.85, 0.56]"
41,vehicle,car,sports,ferrari model 41,Ferrari,Ferrari sports vehicle model 41.,"[0.71, 0.59, 0.94, 0.62, 0.56]"
42,vehicle,car,electric,rivian model 42,Rivian,Rivian electric vehicle model 42.,"[0.64, 0.34, 0.3, 0.34, 0.42]"
43,vehicle,car,economy,honda model 43,Honda,Honda economy vehicle model 43.,"[0.15, 0.33, 0.1, 0.84, 0.59]"
44,vehicle,car,luxury,bmw model 44,BMW,BMW luxury vehicle model 44.,"[0.45, 0.85, 0.33, 0.77, 0.33]"
45,vehicle,car,sports,ferrari model 45,Ferrari,Ferrari sports vehicle model 45.,"[0.82, 0.72, 0.76, 0.19, 0.58]"
46,vehicle,car,sports,ferrari model 46,Ferrari,Ferrari sports vehicle model 46.,"[0.28, 0.81, 0.25, 0.34, 0.59]"
47,vehicle,car,luxury,lexus model 47,Lexus,Lexus luxury vehicle model 47.,"[0.6, 0.71, 0.78, 0.3, 0.89]"
48,vehicle,car,sports,porsche model 48,Porsche,Porsche sports vehicle model 48.,"[0.26, 0.7, 0.12, 0.37, 0.29]"
49,vehicle,car,luxury,mercedes model 49,Mercedes,Mercedes luxury vehicle model 49.,"[0.14, 0.13, 0.61, 0.82, 0.54]"
50,vehicle,car,sports,porsche model 50,Porsche,Porsche sports vehicle model 50.,"[0.8, 0.12, 0.33, 0.69, 0.32]"
51,vehicle,car,luxury,audi model 51,Audi,Audi luxury vehicle model 51.,"[0.77, 0.31, 0.44, 0.87, 0.86]"
52,vehicle,car,economy,toyota model 52,Toyota,Toyota economy vehicle model 52.,"[0.49, 0.84, 0.93, 0.74, 0.77]"
53,vehicle,car,economy,nissan model 53,Nissan,Nissan economy vehicle model 53.,"[0.89, 0.53, 0.82, 0.14, 0.48]"
54,vehicle,car,luxury,audi model 54,Audi,Audi luxury vehicle model 54.,"[0.8, 0.21, 0.53, 0.17, 0.66]"
55,vehicle,car,sports,lamborghini model 55,Lamborghini,Lamborghini sports vehicle model 55.,"[0.14, 0.87, 0.94, 0.66, 0.86]"
56,vehicle,car,luxury,bmw model 56,BMW,BMW luxury vehicle model 56.,"[0.58, 0.13, 0.58, 0.49, 0.64]"
57,vehicle,car,electric,rivian model 57,Rivian,Rivian electric vehicle model 57.,"[0.48, 0.48, 0.34, 0.63, 0.83]"
58,vehicle,car,luxury,mercedes model 58,Mercedes,Mercedes luxury vehicle model 58.,"[0.46, 0.41, 0.76, 0.79, 0.72]"
59,vehicle,car,luxury,bmw model 59,BMW,BMW luxury vehicle model 59.,"[0.7, 0.59, 0.61, 0.77, 0.51]"
60,vehicle,car,luxury,lexus model 60,Lexus,Lexus luxury vehicle model 60.,"[0.78, 0.33, 0.21, 0.34, 0.55]"
61,vehicle,car,sports,lamborghini model 61,Lamborghini,Lamborghini sports vehicle model 61.,"[0.22, 0.56, 0.2, 0.31, 0.66]"
62,vehicle,car,sports,ferrari model 62,Ferrari,Ferrari sports vehicle model 62.,"[0.17, 0.18, 0.4, 0.2, 0.31]"
63,vehicle,car,luxury,lexus model 63,Lexus,Lexus luxury vehicle model 63.,"[0.11, 0.5, 0.22, 0.21, 0.15]"
64,vehicle,car,luxury,audi model 64,Audi,Audi luxury vehicle model 64.,"[0.65, 0.12, 0.52, 0.35, 0.83]"
65,vehicle,car,luxury,lexus model 65,Lexus,Lexus luxury vehicle model 65.,"[0.49, 0.65, 0.41, 0.28, 0.45]"
66,vehicle,car,luxury,bmw model 66,BMW,BMW luxury vehicle model 66.,"[0.6, 0.83, 0.17, 0.23, 0.22]"
67,vehicle,car,luxury,mercedes model 67,Mercedes,Mercedes luxury vehicle model 67.,"[0.42, 0.72, 0.42, 0.62, 0.76]"
68,vehicle,car,sports,porsche model 68,Porsche,Porsche sports vehicle model 68.,"[0.6, 0.24, 0.69, 0.89, 0.39]"
69,vehicle,car,economy,toyota model 69,Toyota,Toyota economy vehicle model 69.,"[0.6, 0.76, 0.1, 0.55, 0.32]"
70,vehicle,car,electric,rivian model 70,Rivian,Rivian electric vehicle model 70.,"[0.16, 0.4, 0.67, 0.57, 0.24]"
71,vehicle,car,economy,toyota model 71,Toyota,Toyota economy vehicle model 71.,"[0.82, 0.29, 0.58, 0.38, 0.7]"
72,vehicle,car,luxury,mercedes model 72,Mercedes,Mercedes luxury vehicle model 72.,"[0.55, 0.5, 0.2, 0.24, 0.61]"
73,vehicle,car,economy,toyota model 73,Toyota,Toyota economy vehicle model 73.,"[0.52, 0.52, 0.68, 0.48, 0.74]"
74,vehicle,car,luxury,audi model 74,Audi,Audi luxury vehicle model 74.,"[0.85, 0.78, 0.62, 0.9, 0.5]"
75,vehicle,car,luxury,audi model 75,Audi,Audi luxury vehicle model 75.,"[0.25, 0.12, 0.77, 0.13, 0.45]"
76,vehicle,car,electric,rivian model 76,Rivian,Rivian electric vehicle model 76.,"[0.54, 0.45, 0.23, 0.71, 0.12]"
77,vehicle,car,sports,ferrari model 77,Ferrari,Ferrari sports vehicle model 77.,"[0.51, 0.85, 0.67, 0.67, 0.47]"
78,vehicle,car,sports,lamborghini model 78,Lamborghini,Lamborghini sports vehicle model 78.,"[0.79, 0.16, 0.85, 0.39, 0.23]"
79,vehicle,car,sports,lamborghini model 79,Lamborghini,Lamborghini sports vehicle model 79.,"[0.17, 0.31, 0.19, 0.37, 0.64]"
80,vehicle,car,luxury,lexus model 80,Lexus,Lexus luxury vehicle model 80.,"[0.75, 0.6, 0.8, 0.58, 0.19]"
81,vehicle,car,sports,lamborghini model 81,Lamborghini,Lamborghini sports vehicle model 81.,"[0.63, 0.78, 0.23, 0.51, 0.25]"
82,vehicle,car,electric,tesla model 82,Tesla,Tesla electric vehicle model 82.,"[0.28, 0.34, 0.53, 0.37, 0.19]"
83,vehicle,car,economy,nissan model 83,Nissan,Nissan economy vehicle model 83.,"[0.24, 0.91, 0.57, 0.85, 0.46]"
84,vehicle,car,luxury,audi model 84,Audi,Audi luxury vehicle model 84.,"[0.3, 0.92, 0.72, 0.63, 0.34]"
85,vehicle,car,electric,tesla model 85,Tesla,Tesla electric vehicle model 85.,"[0.62, 0.48, 0.49, 0.34, 0.23]"
86,vehicle,car,economy,nissan model 86,Nissan,Nissan economy vehicle model 86.,"[0.61, 0.47, 0.61, 0.15, 0.46]"
87,vehicle,car,electric,tesla model 87,Tesla,Tesla electric vehicle model 87.,"[0.54, 0.72, 0.28, 0.29, 0.6]"
88,vehicle,car,luxury,mercedes model 88,Mercedes,Mercedes luxury vehicle model 88.,"[0.26, 0.57, 0.64, 0.1, 0.34]"
89,vehicle,car,economy,toyota model 89,Toyota,Toyota economy vehicle model 89.,"[0.78, 0.35, 0.72, 0.78, 0.78]"
90,vehicle,car,electric,tesla model 90,Tesla,Tesla electric vehicle model 90.,"[0.8, 0.87, 0.43, 0.27, 0.69]"
91,vehicle,car,economy,honda model 91,Honda,Honda economy vehicle model 91.,"[0.77, 0.81, 0.7, 0.87, 0.16]"
92,vehicle,car,sports,lamborghini model 92,Lamborghini,Lamborghini sports vehicle model 92.,"[0.39, 0.78, 0.62, 0.46, 0.2]"
93,vehicle,car,sports,lamborghini model 93,Lamborghini,Lamborghini sports vehicle model 93.,"[0.66, 0.28, 0.14, 0.13, 0.84]"
94,vehicle,car,economy,nissan model 94,Nissan,Nissan economy vehicle model 94.,"[0.65, 0.55, 0.66, 0.19, 0.5]"
95,vehicle,car,sports,lamborghini model 95,Lamborghini,Lamborghini sports vehicle model 95.,"[0.22, 0.39, 0.73, 0.83, 0.52]"
96,vehicle,car,sports,ferrari model 96,Ferrari,Ferrari sports vehicle model 96.,"[0.12, 0.72, 0.43, 0.8, 0.4]"
97,vehicle,car,luxury,lexus model 97,Lexus,Lexus luxury vehicle model 97.,"[0.51, 0.77, 0.36, 0.9, 0.83]"
98,vehicle,car,sports,ferrari model 98,Ferrari,Ferrari sports vehicle model 98.,"[0.69, 0.91, 0.12, 0.37, 0.75]"
99,vehicle,car,electric,tesla model 99,Tesla,Tesla electric vehicle model 99.,"[0.61, 0.14, 0.89, 0.54, 0.49]"
100,vehicle,car,economy,toyota model 100,Toyota,Toyota economy vehicle model 100.,"[0.49, 0.27, 0.35, 0.52, 0.39]"
101,vehicle,car,sports,ferrari model 101,Ferrari,Ferrari sports vehicle model 101.,"[0.21, 0.52, 0.89, 0.22, 0.81]"
102,vehicle,car,electric,tesla model 102,Tesla,Tesla electric vehicle model 102.,"[0.42, 0.6, 0.41, 0.73, 0.65]"
103,vehicle,car,economy,toyota model 103,Toyota,Toyota economy vehicle model 103.,"[0.27, 0.3, 0.22, 0.27, 0.54]"
104,vehicle,car,electric,rivian model 104,Rivian,Rivian electric vehicle model 104.,"[0.34, 0.31, 0.46, 0.74, 0.13]"
105,vehicle,car,sports,lamborghini model 105,Lamborghini,Lamborghini sports vehicle model 105.,"[0.31, 0.46, 0.91, 0.56, 0.28]"
106,vehicle,car,sports,ferrari model 106,Ferrari,Ferrari sports vehicle model 106.,"[0.27, 0.89, 0.19, 0.31, 0.9]"
107,vehicle,car,economy,honda model 107,Honda,Honda economy vehicle model 107.,"[0.65, 0.85, 0.38, 0.6, 0.71]"
108,vehicle,car,sports,ferrari model 108,Ferrari,Ferrari sports vehicle model 108.,"[0.39, 0.55, 0.58, 0.15, 0.2]"
109,vehicle,car,luxury,audi model 109,Audi,Audi luxury vehicle model 109.,"[0.32, 0.54, 0.32, 0.62, 0.81]"
110,vehicle,car,sports,lamborghini model 110,Lamborghini,Lamborghini sports vehicle model 110.,"[0.55, 0.86, 0.68, 0.84, 0.72]"
111,vehicle,car,sports,ferrari model 111,Ferrari,Ferrari sports vehicle model 111.,"[0.66, 0.8, 0.72, 0.57, 0.12]"
112,vehicle,car,luxury,bmw model 112,BMW,BMW luxury vehicle model 112.,"[0.77, 0.82, 0.38, 0.12, 0.62]"
113,vehicle,car,electric,rivian model 113,Rivian,Rivian electric vehicle model 113.,"[0.64, 0.54, 0.61, 0.28, 0.69]"
114,vehicle,car,electric,tesla model 114,Tesla,Tesla electric vehicle model 114.,"[0.17, 0.23, 0.33, 0.28, 0.18]"
115,vehicle,car,electric,tesla model 115,Tesla,Tesla electric vehicle model 115.,"[0.27, 0.14, 0.41, 0.73, 0.78]"
116,vehicle,car,economy,honda model 116,Honda,Honda economy vehicle model 116.,"[0.25, 0.69, 0.82, 0.7, 0.33]"
117,vehicle,car,luxury,lexus model 117,Lexus,Lexus luxury vehicle model 117.,"[0.14, 0.68, 0.61, 0.69, 0.42]"
118,vehicle,car,economy,toyota model 118,Toyota,Toyota economy vehicle model 118.,"[0.25, 0.73, 0.92, 0.78, 0.92]"
119,vehicle,car,luxury,lexus model 119,Lexus,Lexus luxury vehicle model 119.,"[0.46, 0.37, 0.39, 0.33, 0.33]"
120,vehicle,car,electric,rivian model 120,Rivian,Rivian electric vehicle model 120.,"[0.72, 0.58, 0.48, 0.31, 0.59]"
121,vehicle,car,economy,toyota model 121,Toyota,Toyota economy vehicle model 121.,"[0.72, 0.48, 0.44, 0.35, 0.26]"
122,vehicle,car,economy,nissan model 122,Nissan,Nissan economy vehicle model 122.,"[0.46, 0.15, 0.2, 0.24, 0.81]"
123,vehicle,car,economy,honda model 123,Honda,Honda economy vehicle model 123.,"[0.3, 0.85, 0.26, 0.42, 0.49]"
124,vehicle,car,luxury,bmw model 124,BMW,BMW luxury vehicle model 124.,"[0.95, 0.12, 0.56, 0.84, 0.19]"
125,vehicle,car,electric,rivian model 125,Rivian,Rivian electric vehicle model 125.,"[0.43, 0.24, 0.34, 0.75, 0.59]"
126,vehicle,car,sports,porsche model 126,Porsche,Porsche sports vehicle model 126.,"[0.26, 0.78, 0.93, 0.49, 0.57]"
127,vehicle,car,electric,rivian model 127,Rivian,Rivian electric vehicle model 127.,"[0.55, 0.33, 0.27, 0.71, 0.12]"
128,vehicle,car,luxury,audi model 128,Audi,Audi luxury vehicle model 128.,"[0.74, 0.13, 0.84, 0.51, 0.17]"
129,vehicle,car,electric,tesla model 129,Tesla,Tesla electric vehicle model 129.,"[0.5, 0.74, 0.51, 0.95, 0.95]"
130,vehicle,car,sports,ferrari model 130,Ferrari,Ferrari sports vehicle model 130.,"[0.74, 0.39, 0.4, 0.62, 0.46]"
131,vehicle,car,electric,rivian model 131,Rivian,Rivian electric vehicle model 131.,"[0.52, 0.86, 0.25, 0.33, 0.73]"
132,vehicle,car,luxury,mercedes model 132,Mercedes,Mercedes luxury vehicle model 132.,"[0.47, 0.24, 0.36, 0.38, 0.48]"
133,vehicle,car,economy,toyota model 133,Toyota,Toyota economy vehicle model 133.,"[0.17, 0.13, 0.62, 0.14, 0.84]"
134,vehicle,car,electric,tesla model 134,Tesla,Tesla electric vehicle model 134.,"[0.78, 0.24, 0.78, 0.65, 0.48]"
135,vehicle,car,economy,nissan model 135,Nissan,Nissan economy vehicle model 135.,"[0.31, 0.69, 0.63, 0.2, 0.35]"
136,vehicle,car,economy,honda model 136,Honda,Honda economy vehicle model 136.,"[0.33, 0.16, 0.34, 0.11, 0.62]"
137,vehicle,car,luxury,bmw model 137,BMW,BMW luxury vehicle model 137.,"[0.41, 0.71, 0.46, 0.89, 0.32]"
138,vehicle,car,economy,toyota model 138,Toyota,Toyota economy vehicle model 138.,"[0.49, 0.88, 0.38, 0.61, 0.69]"
139,vehicle,car,sports,lamborghini model 139,Lamborghini,Lamborghini sports vehicle model 139.,"[0.74, 0.92, 0.75, 0.85, 0.93]"
140,vehicle,car,luxury,audi model 140,Audi,Audi luxury vehicle model 140.,"[0.44, 0.74, 0.42, 0.35, 0.68]"
141,vehicle,car,luxury,bmw model 141,BMW,BMW luxury vehicle model 141.,"[0.79, 0.15, 0.19, 0.68, 0.44]"
142,vehicle,car,sports,porsche model 142,Porsche,Porsche sports vehicle model 142.,"[0.31, 0.94, 0.65, 0.36, 0.62]"
143,vehicle,car,sports,lamborghini model 143,Lamborghini,Lamborghini sports vehicle model 143.,"[0.32, 0.18, 0.79, 0.75, 0.24]"
144,vehicle,car,economy,nissan model 144,Nissan,Nissan economy vehicle model 144.,"[0.19, 0.48, 0.34, 0.19, 0.11]"
145,vehicle,car,economy,toyota model 145,Toyota,Toyota economy vehicle model 145.,"[0.48, 0.43, 0.37, 0.11, 0.23]"
146,vehicle,car,luxury,bmw model 146,BMW,BMW luxury vehicle model 146.,"[0.69, 0.54, 0.53, 0.62, 0.4]"
147,vehicle,car,sports,lamborghini model 147,Lamborghini,Lamborghini sports vehicle model 147.,"[0.91, 0.53, 0.81, 0.32, 0.36]"
148,vehicle,car,economy,toyota model 148,Toyota,Toyota economy vehicle model 148.,"[0.39, 0.61, 0.63, 0.63, 0.6]"
149,vehicle,car,economy,honda model 149,Honda,Honda economy vehicle model 149.,"[0.8, 0.24, 0.64, 0.28, 0.95]"
150,vehicle,car,economy,toyota model 150,Toyota,Toyota economy vehicle model 150.,"[0.63, 0.19, 0.77, 0.53, 0.14]"
151,vehicle,car,sports,porsche model 151,Porsche,Porsche sports vehicle model 151.,"[0.31, 0.21, 0.26, 0.44, 0.29]"
152,vehicle,car,sports,porsche model 152,Porsche,Porsche sports vehicle model 152.,"[0.47, 0.38, 0.66, 0.23, 0.81]"
153,vehicle,car,sports,ferrari model 153,Ferrari,Ferrari sports vehicle model 153.,"[0.28, 0.33, 0.68, 0.45, 0.67]"
154,vehicle,car,sports,ferrari model 154,Ferrari,Ferrari sports vehicle model 154.,"[0.52, 0.69, 0.85, 0.72, 0.43]"
155,vehicle,car,luxury,lexus model 155,Lexus,Lexus luxury vehicle model 155.,"[0.12, 0.42, 0.27, 0.44, 0.85]"
156,vehicle,car,luxury,bmw model 156,BMW,BMW luxury vehicle model 156.,"[0.32, 0.9, 0.25, 0.32, 0.58]"
157,vehicle,car,luxury,bmw model 157,BMW,BMW luxury vehicle model 157.,"[0.5, 0.81, 0.56, 0.13, 0.82]"
158,vehicle,car,luxury,bmw model 158,BMW,BMW luxury vehicle model 158.,"[0.39, 0.46, 0.93, 0.33, 0.17]"
159,vehicle,car,luxury,bmw model 159,BMW,BMW luxury vehicle model 159.,"[0.87, 0.93, 0.15, 0.57, 0.86]"
160,vehicle,car,economy,honda model 160,Honda,Honda economy vehicle model 160.,"[0.78, 0.81, 0.87, 0.86, 0.57]"
161,vehicle,car,luxury,audi model 161,Audi,Audi luxury vehicle model 161.,"[0.64, 0.83, 0.36, 0.78, 0.54]"
162,vehicle,car,sports,lamborghini model 162,Lamborghini,Lamborghini sports vehicle model 162.,"[0.72, 0.47, 0.89, 0.21, 0.83]"
163,vehicle,car,electric,rivian model 163,Rivian,Rivian electric vehicle model 163.,"[0.34, 0.94, 0.87, 0.37, 0.41]"
164,vehicle,car,economy,nissan model 164,Nissan,Nissan economy vehicle model 164.,"[0.93, 0.92, 0.25, 0.11, 0.11]"
165,vehicle,car,luxury,mercedes model 165,Mercedes,Mercedes luxury vehicle model 165.,"[0.88, 0.82, 0.38, 0.52, 0.83]"
166,vehicle,car,luxury,audi model 166,Audi,Audi luxury vehicle model 166.,"[0.91, 0.48, 0.13, 0.41, 0.16]"
167,vehicle,car,electric,tesla model 167,Tesla,Tesla electric vehicle model 167.,"[0.27, 0.15, 0.1, 0.64, 0.65]"
168,vehicle,car,electric,tesla model 168,Tesla,Tesla electric vehicle model 168.,"[0.62, 0.14, 0.94, 0.93, 0.6]"
169,vehicle,car,economy,honda model 169,Honda,Honda economy vehicle model 169.,"[0.79, 0.84, 0.87, 0.15, 0.87]"
170,vehicle,car,economy,nissan model 170,Nissan,Nissan economy vehicle model 170.,"[0.64, 0.39, 0.26, 0.21, 0.7]"
171,vehicle,car,economy,nissan model 171,Nissan,Nissan economy vehicle model 171.,"[0.82, 0.46, 0.68, 0.37, 0.66]"
172,vehicle,car,luxury,bmw model 172,BMW,BMW luxury vehicle model 172.,"[0.19, 0.19, 0.57, 0.65, 0.91]"
173,vehicle,car,luxury,mercedes model 173,Mercedes,Mercedes luxury vehicle model 173.,"[0.29, 0.52, 0.45, 0.54, 0.14]"
174,vehicle,car,sports,porsche model 174,Porsche,Porsche sports vehicle model 174.,"[0.24, 0.59, 0.68, 0.26, 0.5]"
175,vehicle,car,sports,ferrari model 175,Ferrari,Ferrari sports vehicle model 175.,"[0.44, 0.11, 0.29, 0.77, 0.56]"
176,vehicle,car,sports,lamborghini model 176,Lamborghini,Lamborghini sports vehicle model 176.,"[0.87, 0.12, 0.36, 0.11, 0.27]"
177,vehicle,car,luxury,mercedes model 177,Mercedes,Mercedes luxury vehicle model 177.,"[0.4, 0.81, 0.78, 0.22, 0.18]"
178,vehicle,car,economy,honda model 178,Honda,Honda economy vehicle model 178.,"[0.66, 0.5, 0.73, 0.26, 0.81]"
179,vehicle,car,sports,porsche model 179,Porsche,Porsche sports vehicle model 179.,"[0.94, 0.56, 0.36, 0.48, 0.44]"
180,vehicle,car,luxury,mercedes model 180,Mercedes,Mercedes luxury vehicle model 180.,"[0.46, 0.53, 0.34, 0.34, 0.5]"
181,vehicle,car,electric,tesla model 181,Tesla,Tesla electric vehicle model 181.,"[0.51, 0.11, 0.59, 0.81, 0.64]"
182,vehicle,car,luxury,bmw model 182,BMW,BMW luxury vehicle model 182.,"[0.12, 0.12, 0.14, 0.26, 0.66]"
183,vehicle,car,economy,honda model 183,Honda,Honda economy vehicle model 183.,"[0.52, 0.75, 0.63, 0.9, 0.66]"
184,vehicle,car,luxury,bmw model 184,BMW,BMW luxury vehicle model 184.,"[0.3, 0.42, 0.68, 0.89, 0.38]"
185,vehicle,car,sports,porsche model 185,Porsche,Porsche sports vehicle model 185.,"[0.77, 0.45, 0.76, 0.51, 0.61]"
186,vehicle,car,electric,tesla model 186,Tesla,Tesla electric vehicle model 186.,"[0.83, 0.28, 0.47, 0.15, 0.37]"
187,vehicle,car,electric,rivian model 187,Rivian,Rivian electric vehicle model 187.,"[0.17, 0.59, 0.44, 0.74, 0.69]"
188,vehicle,car,electric,tesla model 188,Tesla,Tesla electric vehicle model 188.,"[0.1, 0.31, 0.38, 0.7, 0.14]"
189,vehicle,car,luxury,audi model 189,Audi,Audi luxury vehicle model 189.,"[0.35, 0.48, 0.73, 0.63, 0.3]"
190,vehicle,car,sports,lamborghini model 190,Lamborghini,Lamborghini sports vehicle model 190.,"[0.64, 0.37, 0.79, 0.76, 0.13]"
191,vehicle,car,economy,honda model 191,Honda,Honda economy vehicle model 191.,"[0.95, 0.71, 0.26, 0.26, 0.1]"
192,vehicle,car,luxury,mercedes model 192,Mercedes,Mercedes luxury vehicle model 192.,"[0.21, 0.16, 0.47, 0.11, 0.24]"
193,vehicle,car,luxury,bmw model 193,BMW,BMW luxury vehicle model 193.,"[0.22, 0.86, 0.57, 0.8, 0.66]"
194,vehicle,car,luxury,audi model 194,Audi,Audi luxury vehicle model 194.,"[0.74, 0.85, 0.2, 0.72, 0.74]"
195,vehicle,car,sports,lamborghini model 195,Lamborghini,Lamborghini sports vehicle model 195.,"[0.21, 0.74, 0.74, 0.33, 0.44]"
196,vehicle,car,electric,tesla model 196,Tesla,Tesla electric vehicle model 196.,"[0.55, 0.59, 0.92, 0.34, 0.71]"
197,vehicle,car,luxury,lexus model 197,Lexus,Lexus luxury vehicle model 197.,"[0.18, 0.12, 0.8, 0.12, 0.64]"
198,vehicle,car,economy,honda model 198,Honda,Honda economy vehicle model 198.,"[0.16, 0.71, 0.3, 0.22, 0.76]"
199,vehicle,car,sports,ferrari model 199,Ferrari,Ferrari sports vehicle model 199.,"[0.72, 0.7, 0.41, 0.7, 0.55]"
200,vehicle,car,sports,ferrari model 200,Ferrari,Ferrari sports vehicle model 200.,"[0.14, 0.3, 0.68, 0.49, 0.42]"
201,vehicle,car,sports,porsche model 201,Porsche,Porsche sports vehicle model 201.,"[0.49, 0.83, 0.42, 0.84, 0.44]"
202,vehicle,car,luxury,mercedes model 202,Mercedes,Mercedes luxury vehicle model 202.,"[0.46, 0.68, 0.53, 0.27, 0.87]"
203,vehicle,car,luxury,mercedes model 203,Mercedes,Mercedes luxury vehicle model 203.,"[0.56, 0.27, 0.94, 0.76, 0.23]"
204,vehicle,car,economy,nissan model 204,Nissan,Nissan economy vehicle model 204.,"[0.66, 0.92, 0.3, 0.31, 0.42]"
205,vehicle,car,economy,nissan model 205,Nissan,Nissan economy vehicle model 205.,"[0.56, 0.38, 0.58, 0.23, 0.84]"
206,vehicle,car,electric,rivian model 206,Rivian,Rivian electric vehicle model 206.,"[0.63, 0.94, 0.39, 0.41, 0.87]"
207,vehicle,car,sports,lamborghini model 207,Lamborghini,Lamborghini sports vehicle model 207.,"[0.92, 0.75, 0.66, 0.76, 0.62]"
208,vehicle,car,luxury,audi model 208,Audi,Audi luxury vehicle model 208.,"[0.27, 0.28, 0.91, 0.49, 0.19]"
209,vehicle,car,economy,honda model 209,Honda,Honda economy vehicle model 209.,"[0.93, 0.22, 0.19, 0.37, 0.84]"
210,vehicle,car,economy,toyota model 210,Toyota,Toyota economy vehicle model 210.,"[0.65, 0.12, 0.15, 0.76, 0.74]"
211,vehicle,car,electric,rivian model 211,Rivian,Rivian electric vehicle model 211.,"[0.1, 0.52, 0.6, 0.41, 0.68]"
212,vehicle,car,sports,porsche model 212,Porsche,Porsche sports vehicle model 212.,"[0.24, 0.81, 0.22, 0.83, 0.86]"
213,vehicle,car,economy,toyota model 213,Toyota,Toyota economy vehicle model 213.,"[0.68, 0.91, 0.87, 0.59, 0.6]"
214,vehicle,car,electric,rivian model 214,Rivian,Rivian electric vehicle model 214.,"[0.22, 0.31, 0.55, 0.21, 0.28]"
215,vehicle,car,luxury,bmw model 215,BMW,BMW luxury vehicle model 215.,"[0.11, 0.82, 0.86, 0.63, 0.63]"
216,vehicle,car,sports,ferrari model 216,Ferrari,Ferrari sports vehicle model 216.,"[0.37, 0.3, 0.92, 0.58, 0.92]"
217,vehicle,car,sports,lamborghini model 217,Lamborghini,Lamborghini sports vehicle model 217.,"[0.76, 0.32, 0.86, 0.59, 0.85]"
218,vehicle,car,luxury,audi model 218,Audi,Audi luxury vehicle model 218.,"[0.28, 0.49, 0.84, 0.77, 0.89]"
219,vehicle,car,sports,lamborghini model 219,Lamborghini,Lamborghini sports vehicle model 219.,"[0.51, 0.17, 0.39, 0.44, 0.12]"
220,vehicle,car,electric,rivian model 220,Rivian,Rivian electric vehicle model 220.,"[0.83, 0.31, 0.92, 0.73, 0.52]"
221,vehicle,car,luxury,mercedes model 221,Mercedes,Mercedes luxury vehicle model 221.,"[0.82, 0.6, 0.64, 0.88, 0.84]"
222,vehicle,car,luxury,audi model 222,Audi,Audi luxury vehicle model 222.,"[0.58, 0.55, 0.35, 0.24, 0.77]"
223,vehicle,car,luxury,lexus model 223,Lexus,Lexus luxury vehicle model 223.,"[0.16, 0.12, 0.18, 0.44, 0.26]"
224,vehicle,car,sports,ferrari model 224,Ferrari,Ferrari sports vehicle model 224.,"[0.7, 0.94, 0.16, 0.15, 0.31]"
225,vehicle,car,luxury,mercedes model 225,Mercedes,Mercedes luxury vehicle model 225.,"[0.16, 0.84, 0.95, 0.39, 0.55]"
226,vehicle,car,luxury,audi model 226,Audi,Audi luxury vehicle model 226.,"[0.15, 0.33, 0.2, 0.57, 0.32]"
227,vehicle,car,economy,honda model 227,Honda,Honda economy vehicle model 227.,"[0.14, 0.87, 0.88, 0.81, 0.3]"
228,vehicle,car,luxury,bmw model 228,BMW,BMW luxury vehicle model 228.,"[0.77, 0.76, 0.68, 0.5, 0.22]"
229,vehicle,car,electric,tesla model 229,Tesla,Tesla electric vehicle model 229.,"[0.46, 0.47, 0.38, 0.53, 0.47]"
230,vehicle,car,economy,honda model 230,Honda,Honda economy vehicle model 230.,"[0.15, 0.79, 0.42, 0.33, 0.88]"
231,vehicle,car,luxury,mercedes model 231,Mercedes,Mercedes luxury vehicle model 231.,"[0.82, 0.63, 0.84, 0.23, 0.38]"
232,vehicle,car,economy,toyota model 232,Toyota,Toyota economy vehicle model 232.,"[0.77, 0.88, 0.3, 0.34, 0.56]"
233,vehicle,car,economy,honda model 233,Honda,Honda economy vehicle model 233.,"[0.59, 0.61, 0.58, 0.44, 0.24]"
234,vehicle,car,luxury,audi model 234,Audi,Audi luxury vehicle model 234.,"[0.11, 0.79, 0.51, 0.93, 0.58]"
235,vehicle,car,sports,ferrari model 235,Ferrari,Ferrari sports vehicle model 235.,"[0.55, 0.4, 0.86, 0.67, 0.44]"
236,vehicle,car,electric,rivian model 236,Rivian,Rivian electric vehicle model 236.,"[0.25, 0.85, 0.58, 0.57, 0.63]"
237,vehicle,car,sports,ferrari model 237,Ferrari,Ferrari sports vehicle model 237.,"[0.32, 0.24, 0.32, 0.9, 0.17]"
238,vehicle,car,luxury,mercedes model 238,Mercedes,Mercedes luxury vehicle model 238.,"[0.45, 0.34, 0.36, 0.63, 0.52]"
239,vehicle,car,economy,nissan model 239,Nissan,Nissan economy vehicle model 239.,"[0.73, 0.1, 0.75, 0.17, 0.75]"
240,vehicle,car,electric,tesla model 240,Tesla,Tesla electric vehicle model 240.,"[0.92, 0.19, 0.11, 0.8, 0.68]"
241,vehicle,car,luxury,mercedes model 241,Mercedes,Mercedes luxury vehicle model 241.,"[0.4, 0.35, 0.52, 0.33, 0.23]"
242,vehicle,car,luxury,audi model 242,Audi,Audi luxury vehicle model 242.,"[0.17, 0.51, 0.11, 0.12, 0.25]"
243,vehicle,car,electric,rivian model 243,Rivian,Rivian electric vehicle model 243.,"[0.32, 0.85, 0.57, 0.69, 0.2]"
244,vehicle,car,sports,ferrari model 244,Ferrari,Ferrari sports vehicle model 244.,"[0.62, 0.11, 0.25, 0.33, 0.19]"
245,vehicle,car,luxury,audi model 245,Audi,Audi luxury vehicle model 245.,"[0.36, 0.38, 0.45, 0.23, 0.44]"
246,vehicle,car,economy,honda model 246,Honda,Honda economy vehicle model 246.,"[0.78, 0.35, 0.14, 0.45, 0.73]"
247,vehicle,car,electric,rivian model 247,Rivian,Rivian electric vehicle model 247.,"[0.38, 0.15, 0.3, 0.89, 0.89]"
248,vehicle,car,economy,nissan model 248,Nissan,Nissan economy vehicle model 248.,"[0.15, 0.33, 0.46, 0.71, 0.7]"
249,vehicle,car,economy,nissan model 249,Nissan,Nissan economy vehicle model 249.,"[0.64, 0.16, 0.18, 0.54, 0.45]"
250,vehicle,car,economy,honda model 250,Honda,Honda economy vehicle model 250.,"[0.15, 0.59, 0.82, 0.57, 0.9]"
251,vehicle,car,luxury,mercedes model 251,Mercedes,Mercedes luxury vehicle model 251.,"[0.18, 0.23, 0.87, 0.17, 0.44]"
252,vehicle,car,economy,honda model 252,Honda,Honda economy vehicle model 252.,"[0.19, 0.92, 0.31, 0.25, 0.22]"
253,vehicle,car,luxury,lexus model 253,Lexus,Lexus luxury vehicle model 253.,"[0.65, 0.61, 0.84, 0.64, 0.95]"
254,vehicle,car,luxury,lexus model 254,Lexus,Lexus luxury vehicle model 254.,"[0.78, 0.59, 0.61, 0.49, 0.12]"
255,vehicle,car,luxury,mercedes model 255,Mercedes,Mercedes luxury vehicle model 255.,"[0.43, 0.69, 0.69, 0.8, 0.92]"
256,vehicle,car,economy,honda model 256,Honda,Honda economy vehicle model 256.,"[0.11, 0.3, 0.91, 0.79, 0.82]"
257,vehicle,car,economy,nissan model 257,Nissan,Nissan economy vehicle model 257.,"[0.35, 0.17, 0.44, 0.2, 0.45]"
258,vehicle,car,luxury,bmw model 258,BMW,BMW luxury vehicle model 258.,"[0.54, 0.49, 0.47, 0.86, 0.54]"
259,vehicle,car,electric,tesla model 259,Tesla,Tesla electric vehicle model 259.,"[0.57, 0.75, 0.91, 0.31, 0.9]"
260,vehicle,car,sports,ferrari model 260,Ferrari,Ferrari sports vehicle model 260.,"[0.18, 0.34, 0.34, 0.31, 0.48]"
261,vehicle,car,electric,tesla model 261,Tesla,Tesla electric vehicle model 261.,"[0.54, 0.21, 0.94, 0.52, 0.25]"
262,vehicle,car,luxury,bmw model 262,BMW,BMW luxury vehicle model 262.,"[0.61, 0.15, 0.65, 0.52, 0.23]"
263,vehicle,car,economy,nissan model 263,Nissan,Nissan economy vehicle model 263.,"[0.91, 0.38, 0.74, 0.32, 0.25]"
264,vehicle,car,sports,porsche model 264,Porsche,Porsche sports vehicle model 264.,"[0.16, 0.53, 0.31, 0.36, 0.31]"
265,vehicle,car,economy,nissan model 265,Nissan,Nissan economy vehicle model 265.,"[0.35, 0.77, 0.65, 0.21, 0.82]"
266,vehicle,car,luxury,bmw model 266,BMW,BMW luxury vehicle model 266.,"[0.44, 0.44, 0.42, 0.11, 0.72]"
267,vehicle,car,sports,lamborghini model 267,Lamborghini,Lamborghini sports vehicle model 267.,"[0.51, 0.43, 0.64, 0.34, 0.69]"
268,vehicle,car,electric,tesla model 268,Tesla,Tesla electric vehicle model 268.,"[0.29, 0.94, 0.75, 0.86, 0.35]"
269,vehicle,car,electric,rivian model 269,Rivian,Rivian electric vehicle model 269.,"[0.8, 0.87, 0.58, 0.21, 0.41]"
270,vehicle,car,electric,tesla model 270,Tesla,Tesla electric vehicle model 270.,"[0.37, 0.3, 0.52, 0.91, 0.77]"
271,vehicle,car,economy,honda model 271,Honda,Honda economy vehicle model 271.,"[0.39, 0.45, 0.64, 0.88, 0.42]"
272,vehicle,car,sports,lamborghini model 272,Lamborghini,Lamborghini sports vehicle model 272.,"[0.72, 0.11, 0.64, 0.83, 0.84]"
273,vehicle,car,luxury,audi model 273,Audi,Audi luxury vehicle model 273.,"[0.6, 0.9, 0.54, 0.89, 0.66]"
274,vehicle,car,luxury,lexus model 274,Lexus,Lexus luxury vehicle model 274.,"[0.8, 0.82, 0.59, 0.78, 0.85]"
275,vehicle,car,electric,tesla model 275,Tesla,Tesla electric vehicle model 275.,"[0.7, 0.71, 0.66, 0.68, 0.7]"
276,vehicle,car,luxury,mercedes model 276,Mercedes,Mercedes luxury vehicle model 276.,"[0.77, 0.28, 0.37, 0.52, 0.68]"
277,vehicle,car,economy,nissan model 277,Nissan,Nissan economy vehicle model 277.,"[0.32, 0.33, 0.56, 0.71, 0.69]"
278,vehicle,car,economy,nissan model 278,Nissan,Nissan economy vehicle model 278.,"[0.73, 0.47, 0.9, 0.45, 0.83]"
279,vehicle,car,economy,honda model 279,Honda,Honda economy vehicle model 279.,"[0.24, 0.28, 0.34, 0.94, 0.21]"
280,vehicle,car,luxury,mercedes model 280,Mercedes,Mercedes luxury vehicle model 280.,"[0.25, 0.34, 0.54, 0.79, 0.25]"
281,vehicle,car,economy,nissan model 281,Nissan,Nissan economy vehicle model 281.,"[0.19, 0.11, 0.21, 0.66, 0.61]"
282,vehicle,car,sports,porsche model 282,Porsche,Porsche sports vehicle model 282.,"[0.29, 0.14, 0.78, 0.22, 0.88]"
283,vehicle,car,sports,porsche model 283,Porsche,Porsche sports vehicle model 283.,"[0.28, 0.58, 0.33, 0.85, 0.84]"
284,vehicle,car,electric,tesla model 284,Tesla,Tesla electric vehicle model 284.,"[0.47, 0.95, 0.93, 0.17, 0.1]"
285,vehicle,car,economy,honda model 285,Honda,Honda economy vehicle model 285.,"[0.74, 0.34, 0.5, 0.16, 0.34]"
286,vehicle,car,luxury,mercedes model 286,Mercedes,Mercedes luxury vehicle model 286.,"[0.73, 0.19, 0.62, 0.64, 0.63]"
287,vehicle,car,sports,porsche model 287,Porsche,Porsche sports vehicle model 287.,"[0.2, 0.21, 0.38, 0.37, 0.56]"
288,vehicle,car,sports,porsche model 288,Porsche,Porsche sports vehicle model 288.,"[0.56, 0.44, 0.62, 0.35, 0.61]"
289,vehicle,car,luxury,bmw model 289,BMW,BMW luxury vehicle model 289.,"[0.64, 0.58, 0.56, 0.12, 0.47]"
290,vehicle,car,sports,lamborghini model 290,Lamborghini,Lamborghini sports vehicle model 290.,"[0.39, 0.49, 0.39, 0.38, 0.8]"
291,vehicle,car,sports,lamborghini model 291,Lamborghini,Lamborghini sports vehicle model 291.,"[0.22, 0.54, 0.51, 0.66, 0.6]"
292,vehicle,car,economy,honda model 292,Honda,Honda economy vehicle model 292.,"[0.38, 0.87, 0.86, 0.3, 0.86]"
293,vehicle,car,electric,rivian model 293,Rivian,Rivian electric vehicle model 293.,"[0.46, 0.82, 0.11, 0.33, 0.48]"
294,vehicle,car,electric,rivian model 294,Rivian,Rivian electric vehicle model 294.,"[0.82, 0.16, 0.8, 0.45, 0.94]"
295,vehicle,car,sports,lamborghini model 295,Lamborghini,Lamborghini sports vehicle model 295.,"[0.84, 0.71, 0.27, 0.11, 0.92]"
296,vehicle,car,sports,lamborghini model 296,Lamborghini,Lamborghini sports vehicle model 296.,"[0.62, 0.14, 0.52, 0.58, 0.74]"
297,vehicle,car,electric,tesla model 297,Tesla,Tesla electric vehicle model 297.,"[0.69, 0.38, 0.94, 0.32, 0.85]"
298,vehicle,car,sports,porsche model 298,Porsche,Porsche sports vehicle model 298.,"[0.63, 0.5, 0.65, 0.91, 0.71]"
299,vehicle,car,economy,toyota model 299,Toyota,Toyota economy vehicle model 299.,"[0.44, 0.94, 0.65, 0.6, 0.53]"
300,vehicle,car,electric,tesla model 300,Tesla,Tesla electric vehicle model 300.,"[0.18, 0.53, 0.57, 0.78, 0.82]"
301,vehicle,car,luxury,audi model 301,Audi,Audi luxury vehicle model 301.,"[0.93, 0.72, 0.93, 0.1, 0.84]"
302,vehicle,car,sports,ferrari model 302,Ferrari,Ferrari sports vehicle model 302.,"[0.46, 0.6, 0.24, 0.23, 0.11]"
303,vehicle,car,luxury,lexus model 303,Lexus,Lexus luxury vehicle model 303.,"[0.37, 0.13, 0.13, 0.45, 0.36]"
304,vehicle,car,luxury,bmw model 304,BMW,BMW luxury vehicle model 304.,"[0.27, 0.54, 0.59, 0.26, 0.78]"
305,vehicle,car,electric,rivian model 305,Rivian,Rivian electric vehicle model 305.,"[0.32, 0.62, 0.4, 0.87, 0.42]"
306,vehicle,car,sports,ferrari model 306,Ferrari,Ferrari sports vehicle model 306.,"[0.79, 0.85, 0.76, 0.76, 0.65]"
307,vehicle,car,economy,honda model 307,Honda,Honda economy vehicle model 307.,"[0.29, 0.65, 0.84, 0.77, 0.91]"
308,vehicle,car,electric,tesla model 308,Tesla,Tesla electric vehicle model 308.,"[0.9, 0.24, 0.59, 0.54, 0.45]"
309,vehicle,car,sports,porsche model 309,Porsche,Porsche sports vehicle model 309.,"[0.4, 0.33, 0.63, 0.59, 0.62]"
310,vehicle,car,sports,lamborghini model 310,Lamborghini,Lamborghini sports vehicle model 310.,"[0.17, 0.91, 0.45, 0.85, 0.56]"
311,vehicle,car,electric,tesla model 311,Tesla,Tesla electric vehicle model 311.,"[0.59, 0.93, 0.14, 0.36, 0.11]"
312,vehicle,car,electric,rivian model 312,Rivian,Rivian electric vehicle model 312.,"[0.95, 0.31, 0.89, 0.49, 0.41]"
313,vehicle,car,sports,ferrari model 313,Ferrari,Ferrari sports vehicle model 313.,"[0.87, 0.57, 0.87, 0.68, 0.24]"
314,vehicle,car,sports,porsche model 314,Porsche,Porsche sports vehicle model 314.,"[0.78, 0.51, 0.44, 0.68, 0.79]"
315,vehicle,car,luxury,mercedes model 315,Mercedes,Mercedes luxury vehicle model 315.,"[0.54, 0.2, 0.14, 0.16, 0.64]"
316,vehicle,car,luxury,mercedes model 316,Mercedes,Mercedes luxury vehicle model 316.,"[0.35, 0.28, 0.7, 0.22, 0.19]"
317,vehicle,car,luxury,lexus model 317,Lexus,Lexus luxury vehicle model 317.,"[0.42, 0.92, 0.17, 0.21, 0.31]"
318,vehicle,car,economy,toyota model 318,Toyota,Toyota economy vehicle model 318.,"[0.77, 0.71, 0.19, 0.29, 0.71]"
319,vehicle,car,electric,rivian model 319,Rivian,Rivian electric vehicle model 319.,"[0.61, 0.29, 0.65, 0.32, 0.55]"
320,vehicle,car,luxury,audi model 320,Audi,Audi luxury vehicle model 320.,"[0.59, 0.86, 0.42, 0.21, 0.5]"
321,vehicle,car,sports,porsche model 321,Porsche,Porsche sports vehicle model 321.,"[0.37, 0.27, 0.64, 0.32, 0.15]"
322,vehicle,car,electric,tesla model 322,Tesla,Tesla electric vehicle model 322.,"[0.7, 0.29, 0.16, 0.7, 0.9]"
323,vehicle,car,sports,ferrari model 323,Ferrari,Ferrari sports vehicle model 323.,"[0.37, 0.52, 0.12, 0.89, 0.22]"
324,vehicle,car,economy,nissan model 324,Nissan,Nissan economy vehicle model 324.,"[0.48, 0.71, 0.15, 0.25, 0.1]"
325,vehicle,car,sports,ferrari model 325,Ferrari,Ferrari sports vehicle model 325.,"[0.32, 0.82, 0.83, 0.9, 0.65]"
326,vehicle,car,sports,ferrari model 326,Ferrari,Ferrari sports vehicle model 326.,"[0.7, 0.78, 0.74, 0.39, 0.9]"
327,vehicle,car,sports,lamborghini model 327,Lamborghini,Lamborghini sports vehicle model 327.,"[0.11, 0.94, 0.17, 0.44, 0.87]"
328,vehicle,car,economy,nissan model 328,Nissan,Nissan economy vehicle model 328.,"[0.72, 0.43, 0.61, 0.68, 0.61]"
329,vehicle,car,economy,toyota model 329,Toyota,Toyota economy vehicle model 329.,"[0.25, 0.49, 0.29, 0.55, 0.24]"
330,vehicle,car,sports,porsche model 330,Porsche,Porsche sports vehicle model 330.,"[0.5, 0.34, 0.46, 0.73, 0.83]"
331,vehicle,car,sports,porsche model 331,Porsche,Porsche sports vehicle model 331.,"[0.25, 0.11, 0.82, 0.63, 0.26]"
332,vehicle,car,luxury,mercedes model 332,Mercedes,Mercedes luxury vehicle model 332.,"[0.39, 0.68, 0.38, 0.3, 0.18]"
333,vehicle,car,luxury,lexus model 333,Lexus,Lexus luxury vehicle model 333.,"[0.67, 0.95, 0.48, 0.25, 0.91]"
334,vehicle,car,sports,lamborghini model 334,Lamborghini,Lamborghini sports vehicle model 334.,"[0.21, 0.9, 0.95, 0.3, 0.51]"
335,vehicle,car,luxury,audi model 335,Audi,Audi luxury vehicle model 335.,"[0.55, 0.6, 0.24, 0.23, 0.11]"
336,vehicle,car,electric,rivian model 336,Rivian,Rivian electric vehicle model 336.,"[0.13, 0.92, 0.86, 0.63, 0.22]"
337,vehicle,car,luxury,lexus model 337,Lexus,Lexus luxury vehicle model 337.,"[0.16, 0.9, 0.13, 0.94, 0.21]"
338,vehicle,car,luxury,lexus model 338,Lexus,Lexus luxury vehicle model 338.,"[0.38, 0.48, 0.15, 0.69, 0.15]"
339,vehicle,car,economy,nissan model 339,Nissan,Nissan economy vehicle model 339.,"[0.35, 0.92, 0.46, 0.64, 0.43]"
340,vehicle,car,luxury,audi model 340,Audi,Audi luxury vehicle model 340.,"[0.31, 0.66, 0.17, 0.36, 0.87]"
341,vehicle,car,luxury,mercedes model 341,Mercedes,Mercedes luxury vehicle model 341.,"[0.33, 0.5, 0.63, 0.34, 0.87]"
342,vehicle,car,sports,lamborghini model 342,Lamborghini,Lamborghini sports vehicle model 342.,"[0.56, 0.28, 0.21, 0.87, 0.78]"
343,vehicle,car,economy,nissan model 343,Nissan,Nissan economy vehicle model 343.,"[0.41, 0.91, 0.79, 0.47, 0.54]"
344,vehicle,car,electric,rivian model 344,Rivian,Rivian electric vehicle model 344.,"[0.35, 0.75, 0.91, 0.76, 0.72]"
345,vehicle,car,luxury,audi model 345,Audi,Audi luxury vehicle model 345.,"[0.27, 0.13, 0.84, 0.48, 0.44]"
346,vehicle,car,economy,toyota model 346,Toyota,Toyota economy vehicle model 346.,"[0.41, 0.85, 0.46, 0.81, 0.6]"
347,vehicle,car,economy,toyota model 347,Toyota,Toyota economy vehicle model 347.,"[0.69, 0.53, 0.29, 0.23, 0.79]"
348,vehicle,car,electric,rivian model 348,Rivian,Rivian electric vehicle model 348.,"[0.67, 0.33, 0.69, 0.25, 0.37]"
349,vehicle,car,luxury,lexus model 349,Lexus,Lexus luxury vehicle model 349.,"[0.75, 0.75, 0.74, 0.86, 0.37]"
350,vehicle,car,electric,rivian model 350,Rivian,Rivian electric vehicle model 350.,"[0.92, 0.12, 0.6, 0.94, 0.6]"
351,vehicle,car,luxury,bmw model 351,BMW,BMW luxury vehicle model 351.,"[0.78, 0.88, 0.48, 0.43, 0.17]"
352,vehicle,car,economy,toyota model 352,Toyota,Toyota economy vehicle model 352.,"[0.23, 0.13, 0.71, 0.14, 0.72]"
353,vehicle,car,sports,ferrari model 353,Ferrari,Ferrari sports vehicle model 353.,"[0.22, 0.7, 0.49, 0.25, 0.72]"
354,vehicle,car,sports,lamborghini model 354,Lamborghini,Lamborghini sports vehicle model 354.,"[0.77, 0.71, 0.49, 0.76, 0.87]"
355,vehicle,car,sports,ferrari model 355,Ferrari,Ferrari sports vehicle model 355.,"[0.49, 0.72, 0.2, 0.51, 0.68]"
356,vehicle,car,luxury,lexus model 356,Lexus,Lexus luxury vehicle model 356.,"[0.31, 0.39, 0.86, 0.67, 0.79]"
357,vehicle,car,luxury,mercedes model 357,Mercedes,Mercedes luxury vehicle model 357.,"[0.87, 0.54, 0.76, 0.27, 0.59]"
358,vehicle,car,sports,porsche model 358,Porsche,Porsche sports vehicle model 358.,"[0.94, 0.72, 0.14, 0.32, 0.12]"
359,vehicle,car,economy,honda model 359,Honda,Honda economy vehicle model 359.,"[0.57, 0.67, 0.55, 0.28, 0.24]"
360,vehicle,car,luxury,lexus model 360,Lexus,Lexus luxury vehicle model 360.,"[0.17, 0.19, 0.74, 0.46, 0.78]"
361,vehicle,car,luxury,bmw model 361,BMW,BMW luxury vehicle model 361.,"[0.33, 0.58, 0.16, 0.3, 0.65]"
362,vehicle,car,economy,honda model 362,Honda,Honda economy vehicle model 362.,"[0.49, 0.13, 0.36, 0.7, 0.31]"
363,vehicle,car,electric,rivian model 363,Rivian,Rivian electric vehicle model 363.,"[0.73, 0.35, 0.82, 0.9, 0.13]"
364,vehicle,car,electric,rivian model 364,Rivian,Rivian electric vehicle model 364.,"[0.49, 0.21, 0.81, 0.57, 0.31]"
365,vehicle,car,luxury,audi model 365,Audi,Audi luxury vehicle model 365.,"[0.78, 0.43, 0.51, 0.76, 0.89]"
366,vehicle,car,economy,honda model 366,Honda,Honda economy vehicle model 366.,"[0.44, 0.31, 0.54, 0.65, 0.93]"
367,vehicle,car,economy,honda model 367,Honda,Honda economy vehicle model 367.,"[0.54, 0.24, 0.53, 0.37, 0.48]"
368,vehicle,car,sports,ferrari model 368,Ferrari,Ferrari sports vehicle model 368.,"[0.35, 0.41, 0.43, 0.39, 0.57]"
369,vehicle,car,luxury,lexus model 369,Lexus,Lexus luxury vehicle model 369.,"[0.68, 0.23, 0.9, 0.89, 0.46]"
370,vehicle,car,economy,nissan model 370,Nissan,Nissan economy vehicle model 370.,"[0.77, 0.91, 0.15, 0.47, 0.41]"
371,vehicle,car,luxury,bmw model 371,BMW,BMW luxury vehicle model 371.,"[0.76, 0.35, 0.53, 0.85, 0.12]"
372,vehicle,car,sports,lamborghini model 372,Lamborghini,Lamborghini sports vehicle model 372.,"[0.81, 0.23, 0.6, 0.72, 0.71]"
373,vehicle,car,luxury,lexus model 373,Lexus,Lexus luxury vehicle model 373.,"[0.52, 0.7, 0.16, 0.81, 0.93]"
374,vehicle,car,luxury,lexus model 374,Lexus,Lexus luxury vehicle model 374.,"[0.86, 0.66, 0.31, 0.12, 0.44]"
375,vehicle,car,sports,ferrari model 375,Ferrari,Ferrari sports vehicle model 375.,"[0.16, 0.47, 0.16, 0.27, 0.2]"
376,vehicle,car,luxury,audi model 376,Audi,Audi luxury vehicle model 376.,"[0.29, 0.29, 0.32, 0.17, 0.89]"
377,vehicle,car,sports,ferrari model 377,Ferrari,Ferrari sports vehicle model 377.,"[0.49, 0.31, 0.22, 0.86, 0.8]"
378,vehicle,car,luxury,mercedes model 378,Mercedes,Mercedes luxury vehicle model 378.,"[0.4, 0.56, 0.66, 0.68, 0.63]"
379,vehicle,car,luxury,lexus model 379,Lexus,Lexus luxury vehicle model 379.,"[0.15, 0.14, 0.56, 0.74, 0.21]"
380,vehicle,car,sports,ferrari model 380,Ferrari,Ferrari sports vehicle model 380.,"[0.62, 0.65, 0.91, 0.92, 0.31]"
381,vehicle,car,luxury,mercedes model 381,Mercedes,Mercedes luxury vehicle model 381.,"[0.16, 0.39, 0.34, 0.84, 0.9]"
382,vehicle,car,electric,rivian model 382,Rivian,Rivian electric vehicle model 382.,"[0.46, 0.8, 0.88, 0.73, 0.15]"
383,vehicle,car,electric,tesla model 383,Tesla,Tesla electric vehicle model 383.,"[0.72, 0.95, 0.95, 0.45, 0.61]"
384,vehicle,car,luxury,bmw model 384,BMW,BMW luxury vehicle model 384.,"[0.63, 0.8, 0.93, 0.93, 0.88]"
385,vehicle,car,economy,toyota model 385,Toyota,Toyota economy vehicle model 385.,"[0.71, 0.42, 0.88, 0.6, 0.26]"
386,vehicle,car,economy,toyota model 386,Toyota,Toyota economy vehicle model 386.,"[0.8, 0.85, 0.66, 0.38, 0.4]"
387,vehicle,car,economy,nissan model 387,Nissan,Nissan economy vehicle model 387.,"[0.43, 0.86, 0.29, 0.43, 0.36]"
388,vehicle,car,electric,tesla model 388,Tesla,Tesla electric vehicle model 388.,"[0.83, 0.91, 0.46, 0.41, 0.77]"
389,vehicle,car,electric,rivian model 389,Rivian,Rivian electric vehicle model 389.,"[0.83, 0.2, 0.28, 0.13, 0.67]"
390,vehicle,car,luxury,audi model 390,Audi,Audi luxury vehicle model 390.,"[0.51, 0.23, 0.19, 0.17, 0.7]"
391,vehicle,car,electric,rivian model 391,Rivian,Rivian electric vehicle model 391.,"[0.15, 0.31, 0.59, 0.37, 0.75]"
392,vehicle,car,electric,rivian model 392,Rivian,Rivian electric vehicle model 392.,"[0.88, 0.25, 0.41, 0.6, 0.78]"
393,vehicle,car,economy,toyota model 393,Toyota,Toyota economy vehicle model 393.,"[0.7, 0.34, 0.37, 0.84, 0.76]"
394,vehicle,car,luxury,bmw model 394,BMW,BMW luxury vehicle model 394.,"[0.22, 0.15, 0.9, 0.95, 0.47]"
395,vehicle,car,electric,rivian model 395,Rivian,Rivian electric vehicle model 395.,"[0.7, 0.83, 0.46, 0.5, 0.21]"
396,vehicle,car,sports,porsche model 396,Porsche,Porsche sports vehicle model 396.,"[0.42, 0.43, 0.33, 0.9, 0.3]"
397,vehicle,car,sports,ferrari model 397,Ferrari,Ferrari sports vehicle model 397.,"[0.69, 0.49, 0.94, 0.47, 0.75]"
398,vehicle,car,sports,porsche model 398,Porsche,Porsche sports vehicle model 398.,"[0.59, 0.54, 0.66, 0.11, 0.15]"
399,vehicle,car,electric,rivian model 399,Rivian,Rivian electric vehicle model 399.,"[0.52, 0.88, 0.48, 0.11, 0.42]"
400,vehicle,car,luxury,lexus model 400,Lexus,Lexus luxury vehicle model 400.,"[0.7, 0.79, 0.2, 0.52, 0.54]"
401,vehicle,car,luxury,lexus model 401,Lexus,Lexus luxury vehicle model 401.,"[0.84, 0.35, 0.2, 0.77, 0.81]"
402,vehicle,car,sports,ferrari model 402,Ferrari,Ferrari sports vehicle model 402.,"[0.29, 0.37, 0.77, 0.33, 0.15]"
403,vehicle,car,economy,honda model 403,Honda,Honda economy vehicle model 403.,"[0.71, 0.79, 0.36, 0.8, 0.6]"
404,vehicle,car,luxury,mercedes model 404,Mercedes,Mercedes luxury vehicle model 404.,"[0.51, 0.75, 0.65, 0.71, 0.3]"
405,vehicle,car,sports,porsche model 405,Porsche,Porsche sports vehicle model 405.,"[0.17, 0.54, 0.42, 0.1, 0.47]"
406,vehicle,car,luxury,bmw model 406,BMW,BMW luxury vehicle model 406.,"[0.49, 0.65, 0.65, 0.44, 0.67]"
407,vehicle,car,luxury,audi model 407,Audi,Audi luxury vehicle model 407.,"[0.65, 0.16, 0.24, 0.39, 0.37]"
408,vehicle,car,luxury,mercedes model 408,Mercedes,Mercedes luxury vehicle model 408.,"[0.85, 0.29, 0.22, 0.33, 0.68]"
409,vehicle,car,electric,tesla model 409,Tesla,Tesla electric vehicle model 409.,"[0.48, 0.64, 0.84, 0.17, 0.74]"
410,vehicle,car,economy,toyota model 410,Toyota,Toyota economy vehicle model 410.,"[0.71, 0.23, 0.31, 0.57, 0.23]"
411,vehicle,car,sports,lamborghini model 411,Lamborghini,Lamborghini sports vehicle model 411.,"[0.78, 0.67, 0.53, 0.57, 0.89]"
412,vehicle,car,electric,rivian model 412,Rivian,Rivian electric vehicle model 412.,"[0.38, 0.59, 0.63, 0.2, 0.35]"
413,vehicle,car,sports,porsche model 413,Porsche,Porsche sports vehicle model 413.,"[0.41, 0.27, 0.79, 0.29, 0.32]"
414,vehicle,car,sports,porsche model 414,Porsche,Porsche sports vehicle model 414.,"[0.85, 0.35, 0.13, 0.12, 0.69]"
415,vehicle,car,electric,rivian model 415,Rivian,Rivian electric vehicle model 415.,"[0.4, 0.63, 0.31, 0.81, 0.15]"
416,vehicle,car,sports,lamborghini model 416,Lamborghini,Lamborghini sports vehicle model 416.,"[0.86, 0.82, 0.22, 0.81, 0.64]"
417,vehicle,car,economy,nissan model 417,Nissan,Nissan economy vehicle model 417.,"[0.78, 0.37, 0.23, 0.72, 0.49]"
418,vehicle,car,economy,toyota model 418,Toyota,Toyota economy vehicle model 418.,"[0.86, 0.15, 0.17, 0.82, 0.83]"
419,vehicle,car,luxury,mercedes model 419,Mercedes,Mercedes luxury vehicle model 419.,"[0.16, 0.27, 0.74, 0.44, 0.54]"
420,vehicle,car,luxury,lexus model 420,Lexus,Lexus luxury vehicle model 420.,"[0.14, 0.18, 0.68, 0.13, 0.67]"
421,vehicle,car,luxury,audi model 421,Audi,Audi luxury vehicle model 421.,"[0.53, 0.59, 0.67, 0.63, 0.16]"
422,vehicle,car,economy,nissan model 422,Nissan,Nissan economy vehicle model 422.,"[0.51, 0.11, 0.69, 0.54, 0.48]"
423,vehicle,car,luxury,audi model 423,Audi,Audi luxury vehicle model 423.,"[0.78, 0.84, 0.2, 0.7, 0.84]"
424,vehicle,car,luxury,audi model 424,Audi,Audi luxury vehicle model 424.,"[0.49, 0.13, 0.57, 0.76, 0.87]"
425,vehicle,car,electric,rivian model 425,Rivian,Rivian electric vehicle model 425.,"[0.24, 0.59, 0.1, 0.45, 0.86]"
426,vehicle,car,sports,porsche model 426,Porsche,Porsche sports vehicle model 426.,"[0.67, 0.93, 0.79, 0.12, 0.14]"
427,vehicle,car,sports,porsche model 427,Porsche,Porsche sports vehicle model 427.,"[0.3, 0.48, 0.87, 0.3, 0.35]"
428,vehicle,car,luxury,audi model 428,Audi,Audi luxury vehicle model 428.,"[0.4, 0.16, 0.17, 0.58, 0.33]"
429,vehicle,car,sports,lamborghini model 429,Lamborghini,Lamborghini sports vehicle model 429.,"[0.82, 0.59, 0.3, 0.13, 0.8]"
430,vehicle,car,luxury,audi model 430,Audi,Audi luxury vehicle model 430.,"[0.3, 0.91, 0.55, 0.9, 0.39]"
431,vehicle,car,sports,ferrari model 431,Ferrari,Ferrari sports vehicle model 431.,"[0.9, 0.69, 0.11, 0.67, 0.1]"
432,vehicle,car,sports,porsche model 432,Porsche,Porsche sports vehicle model 432.,"[0.68, 0.46, 0.58, 0.13, 0.57]"
433,vehicle,car,economy,toyota model 433,Toyota,Toyota economy vehicle model 433.,"[0.52, 0.24, 0.57, 0.75, 0.34]"
434,vehicle,car,economy,nissan model 434,Nissan,Nissan economy vehicle model 434.,"[0.71, 0.11, 0.12, 0.25, 0.16]"
435,vehicle,car,luxury,bmw model 435,BMW,BMW luxury vehicle model 435.,"[0.68, 0.75, 0.21, 0.29, 0.36]"
436,vehicle,car,sports,lamborghini model 436,Lamborghini,Lamborghini sports vehicle model 436.,"[0.76, 0.93, 0.4, 0.37, 0.89]"
437,vehicle,car,sports,porsche model 437,Porsche,Porsche sports vehicle model 437.,"[0.23, 0.38, 0.66, 0.7, 0.32]"
438,vehicle,car,economy,honda model 438,Honda,Honda economy vehicle model 438.,"[0.44, 0.56, 0.38, 0.73, 0.63]"
439,vehicle,car,economy,toyota model 439,Toyota,Toyota economy vehicle model 439.,"[0.53, 0.33, 0.39, 0.43, 0.18]"
440,vehicle,car,electric,tesla model 440,Tesla,Tesla electric vehicle model 440.,"[0.52, 0.63, 0.69, 0.13, 0.11]"
441,vehicle,car,economy,nissan model 441,Nissan,Nissan economy vehicle model 441.,"[0.26, 0.16, 0.56, 0.84, 0.7]"
442,vehicle,car,luxury,audi model 442,Audi,Audi luxury vehicle model 442.,"[0.53, 0.51, 0.33, 0.18, 0.62]"
443,vehicle,car,economy,nissan model 443,Nissan,Nissan economy vehicle model 443.,"[0.78, 0.41, 0.91, 0.63, 0.8]"
444,vehicle,car,sports,lamborghini model 444,Lamborghini,Lamborghini sports vehicle model 444.,"[0.54, 0.61, 0.29, 0.82, 0.31]"
445,vehicle,car,sports,ferrari model 445,Ferrari,Ferrari sports vehicle model 445.,"[0.73, 0.8, 0.73, 0.13, 0.64]"
446,vehicle,car,sports,ferrari model 446,Ferrari,Ferrari sports vehicle model 446.,"[0.38, 0.39, 0.14, 0.85, 0.83]"
447,vehicle,car,sports,porsche model 447,Porsche,Porsche sports vehicle model 447.,"[0.19, 0.76, 0.48, 0.26, 0.95]"
448,vehicle,car,electric,tesla model 448,Tesla,Tesla electric vehicle model 448.,"[0.72, 0.74, 0.22, 0.31, 0.82]"
449,vehicle,car,electric,rivian model 449,Rivian,Rivian electric vehicle model 449.,"[0.88, 0.83, 0.85, 0.17, 0.76]"
450,vehicle,car,economy,honda model 450,Honda,Honda economy vehicle model 450.,"[0.9, 0.95, 0.76, 0.65, 0.67]"
451,vehicle,car,economy,nissan model 451,Nissan,Nissan economy vehicle model 451.,"[0.21, 0.4, 0.19, 0.2, 0.55]"
452,vehicle,car,economy,nissan model 452,Nissan,Nissan economy vehicle model 452.,"[0.63, 0.1, 0.54, 0.23, 0.75]"
453,vehicle,car,economy,nissan model 453,Nissan,Nissan economy vehicle model 453.,"[0.76, 0.85, 0.82, 0.12, 0.14]"
454,vehicle,car,luxury,mercedes model 454,Mercedes,Mercedes luxury vehicle model 454.,"[0.45, 0.28, 0.18, 0.9, 0.68]"
455,vehicle,car,sports,porsche model 455,Porsche,Porsche sports vehicle model 455.,"[0.68, 0.6, 0.23, 0.41, 0.45]"
456,vehicle,car,electric,tesla model 456,Tesla,Tesla electric vehicle model 456.,"[0.94, 0.6, 0.9, 0.74, 0.26]"
457,vehicle,car,sports,ferrari model 457,Ferrari,Ferrari sports vehicle model 457.,"[0.59, 0.19, 0.66, 0.35, 0.57]"
458,vehicle,car,luxury,bmw model 458,BMW,BMW luxury vehicle model 458.,"[0.92, 0.62, 0.72, 0.52, 0.45]"
459,vehicle,car,luxury,lexus model 459,Lexus,Lexus luxury vehicle model 459.,"[0.28, 0.43, 0.91, 0.79, 0.18]"
460,vehicle,car,economy,nissan model 460,Nissan,Nissan economy vehicle model 460.,"[0.76, 0.67, 0.59, 0.62, 0.28]"
461,vehicle,car,electric,rivian model 461,Rivian,Rivian electric vehicle model 461.,"[0.42, 0.57, 0.49, 0.13, 0.42]"
462,vehicle,car,electric,tesla model 462,Tesla,Tesla electric vehicle model 462.,"[0.42, 0.43, 0.31, 0.3, 0.25]"
463,vehicle,car,sports,lamborghini model 463,Lamborghini,Lamborghini sports vehicle model 463.,"[0.25, 0.92, 0.81, 0.28, 0.66]"
464,vehicle,car,electric,tesla model 464,Tesla,Tesla electric vehicle model 464.,"[0.31, 0.83, 0.5, 0.76, 0.59]"
465,vehicle,car,economy,honda model 465,Honda,Honda economy vehicle model 465.,"[0.41, 0.81, 0.71, 0.14, 0.73]"
466,vehicle,car,luxury,audi model 466,Audi,Audi luxury vehicle model 466.,"[0.2, 0.76, 0.83, 0.52, 0.46]"
467,vehicle,car,electric,rivian model 467,Rivian,Rivian electric vehicle model 467.,"[0.48, 0.51, 0.18, 0.77, 0.72]"
468,vehicle,car,luxury,mercedes model 468,Mercedes,Mercedes luxury vehicle model 468.,"[0.69, 0.44, 0.3, 0.87, 0.89]"
469,vehicle,car,luxury,mercedes model 469,Mercedes,Mercedes luxury vehicle model 469.,"[0.67, 0.54, 0.12, 0.66, 0.65]"
470,vehicle,car,luxury,lexus model 470,Lexus,Lexus luxury vehicle model 470.,"[0.94, 0.19, 0.43, 0.61, 0.74]"
471,vehicle,car,luxury,audi model 471,Audi,Audi luxury vehicle model 471.,"[0.92, 0.51, 0.41, 0.53, 0.45]"
472,vehicle,car,electric,tesla model 472,Tesla,Tesla electric vehicle model 472.,"[0.11, 0.74, 0.45, 0.26, 0.75]"
473,vehicle,car,economy,nissan model 473,Nissan,Nissan economy vehicle model 473.,"[0.47, 0.84, 0.62, 0.63, 0.94]"
474,vehicle,car,economy,nissan model 474,Nissan,Nissan economy vehicle model 474.,"[0.23, 0.86, 0.89, 0.27, 0.54]"
475,vehicle,car,electric,tesla model 475,Tesla,Tesla electric vehicle model 475.,"[0.71, 0.76, 0.66, 0.46, 0.78]"
476,vehicle,car,sports,ferrari model 476,Ferrari,Ferrari sports vehicle model 476.,"[0.27, 0.42, 0.72, 0.31, 0.52]"
477,vehicle,car,luxury,bmw model 477,BMW,BMW luxury vehicle model 477.,"[0.82, 0.35, 0.38, 0.15, 0.55]"
478,vehicle,car,electric,rivian model 478,Rivian,Rivian electric vehicle model 478.,"[0.78, 0.7, 0.75, 0.2, 0.55]"
479,vehicle,car,economy,nissan model 479,Nissan,Nissan economy vehicle model 479.,"[0.35, 0.84, 0.63, 0.35, 0.49]"
480,vehicle,car,sports,ferrari model 480,Ferrari,Ferrari sports vehicle model 480.,"[0.29, 0.11, 0.51, 0.6, 0.16]"
481,vehicle,car,electric,rivian model 481,Rivian,Rivian electric vehicle model 481.,"[0.63, 0.31, 0.92, 0.93, 0.46]"
482,vehicle,car,electric,rivian model 482,Rivian,Rivian electric vehicle model 482.,"[0.29, 0.28, 0.32, 0.13, 0.45]"
483,vehicle,car,luxury,audi model 483,Audi,Audi luxury vehicle model 483.,"[0.26, 0.17, 0.3, 0.31, 0.79]"
484,vehicle,car,electric,tesla model 484,Tesla,Tesla electric vehicle model 484.,"[0.13, 0.6, 0.91, 0.25, 0.5]"
485,vehicle,car,luxury,audi model 485,Audi,Audi luxury vehicle model 485.,"[0.83, 0.22, 0.15, 0.24, 0.75]"
486,vehicle,car,luxury,mercedes model 486,Mercedes,Mercedes luxury vehicle model 486.,"[0.26, 0.87, 0.72, 0.21, 0.42]"
487,vehicle,car,economy,honda model 487,Honda,Honda economy vehicle model 487.,"[0.61, 0.63, 0.77, 0.8, 0.75]"
488,vehicle,car,luxury,mercedes model 488,Mercedes,Mercedes luxury vehicle model 488.,"[0.72, 0.78, 0.38, 0.59, 0.74]"
489,vehicle,car,sports,porsche model 489,Porsche,Porsche sports vehicle model 489.,"[0.9, 0.49, 0.37, 0.78, 0.9]"
490,vehicle,car,electric,rivian model 490,Rivian,Rivian electric vehicle model 490.,"[0.52, 0.22, 0.61, 0.58, 0.3]"
491,vehicle,car,economy,honda model 491,Honda,Honda economy vehicle model 491.,"[0.19, 0.61, 0.58, 0.49, 0.12]"
492,vehicle,car,sports,lamborghini model 492,Lamborghini,Lamborghini sports vehicle model 492.,"[0.34, 0.7, 0.57, 0.54, 0.5]"
493,vehicle,car,economy,honda model 493,Honda,Honda economy vehicle model 493.,"[0.15, 0.23, 0.62, 0.46, 0.25]"
494,vehicle,car,sports,porsche model 494,Porsche,Porsche sports vehicle model 494.,"[0.42, 0.73, 0.72, 0.24, 0.44]"
495,vehicle,car,luxury,mercedes model 495,Mercedes,Mercedes luxury vehicle model 495.,"[0.7, 0.15, 0.36, 0.11, 0.16]"
496,vehicle,car,economy,honda model 496,Honda,Honda economy vehicle model 496.,"[0.2, 0.64, 0.65, 0.88, 0.12]"
497,vehicle,car,sports,porsche model 497,Porsche,Porsche sports vehicle model 497.,"[0.41, 0.61, 0.61, 0.53, 0.41]"
498,vehicle,car,sports,ferrari model 498,Ferrari,Ferrari sports vehicle model 498.,"[0.8, 0.48, 0.34, 0.45, 0.44]"
499,vehicle,car,sports,porsche model 499,Porsche,Porsche sports vehicle model 499.,"[0.54, 0.79, 0.66, 0.22, 0.39]"
500,vehicle,car,electric,tesla model 500,Tesla,Tesla electric vehicle model 500.,"[0.14, 0.9, 0.79, 0.39, 0.57]"
